user_id,user_firstname,user_lastname,user_middlename,user_email,user_address,user_birthdate,user_phone
1,Carly,Warren,D,edwin61@example.net,01583 Warren Greens Suite 398,1976-06-17,(996)431-4985
2,Tommy,Wilson,E,ruizsherry@example.com,92003 David Drive,1982-10-16,001-284-827-0464x25687
3,Timothy,Fox,W,lorimarquez@example.com,3458 Julie Glens,1962-08-08,882-570-5056x844
4,Carla,Phillips,E,christophersingleton@example.net,13346 Mark Mission,2003-07-01,+1-373-944-8139
5,Kathy,Ford,J,njohnson@example.com,6029 Lopez Lock Apt. 119,1993-05-15,433.361.1785
6,Danielle,Navarro,J,jackgoodman@example.org,977 Brown Bypass Suite 057,2000-11-03,(474)831-5107x07539
7,Julie,Cruz,A,zdavidson@example.net,40976 Ashley Motorway,1971-05-06,(908)854-9525
8,Michael,Cortez,T,derrick68@example.org,21377 Cuevas Valley Apt. 710,1985-11-27,391.715.7767x2374
9,Jeremy,Diaz,K,jason94@example.com,345 Johnson Neck,1994-11-18,588-462-3447
10,Cassandra,Williams,P,ballmonica@example.org,2348 Kevin Dam Apt. 634,1976-09-04,001-966-296-0446x117
11,Eric,Mccann,K,hannahpeterson@example.com,65832 Luis Land Suite 936,1955-12-05,001-837-295-4911
12,Ian,Vaughn,J,rojassteven@example.org,19900 Herrera Parkway,1968-02-16,808-892-4966
13,Adrian,Guzman,E,richard78@example.net,8012 Matthew Inlet,1968-12-03,(365)828-7351x415
14,Rickey,Warren,A,joneschristina@example.net,71995 Mark Crossroad,1999-09-19,959.492.8247
15,Noah,Watson,C,aburns@example.com,982 Melissa Street Suite 503,1967-02-28,634.805.7228
16,Christine,Pennington,E,brownmelissa@example.net,8061 Robertson Squares Apt. 231,2002-01-12,001-390-962-0964x739
17,Todd,Berry,M,marycruz@example.com,936 Perry Club,1957-05-13,001-477-765-5024x69990
18,Brian,Conrad,C,bwilliams@example.com,123 Kimberly Via Suite 897,1981-03-20,+1-602-759-0791
19,Jay,Baker,S,wellsmatthew@example.com,69553 Chase Estates,1986-02-08,+1-770-643-2778x85473
20,Vincent,Cline,D,cody67@example.net,192 Rivera Shoal,1984-10-10,(404)619-9518
21,David,Estrada,A,qhowell@example.net,641 Gallegos Haven,1970-06-18,490.671.3851
22,Nancy,Garcia,E,econrad@example.org,5073 Harvey Tunnel Apt. 777,1975-09-01,5379681687
23,Patricia,Vasquez,M,stephanietran@example.org,3579 Combs Center Apt. 632,1982-07-27,(567)202-2415
24,Angela,Duncan,M,csimpson@example.com,49544 Brandon Plaza,1997-05-02,563.417.9496
25,Crystal,Johnson,T,margaret81@example.net,19363 Scott Green Suite 907,1997-09-21,209.423.3311x3166
26,Michelle,Thompson,J,jose57@example.com,849 Ashlee Landing Apt. 364,2001-07-27,439-921-7409
27,Danielle,Ramirez,D,peterblack@example.com,388 Fritz Mountain,1995-08-26,+1-557-639-7744x63600
28,Vincent,Arnold,M,cynthia24@example.net,38388 Smith Junction,1993-09-28,001-613-793-0462x240
29,Laura,Taylor,P,juanhughes@example.com,43971 Marissa Crescent Suite 389,1999-08-06,863.877.2110
30,Alexander,Macdonald,A,kelsey94@example.net,86411 Anthony Port Suite 513,1956-11-22,+1-652-354-3019x60948
31,Steven,Young,G,xkelly@example.org,664 Robinson Fort,1999-07-06,787.558.6468x152
32,David,Vincent,S,steinkrista@example.net,48482 Blake Tunnel Apt. 763,2005-03-03,4317705972
33,Kevin,Patterson,J,sean02@example.net,18073 Stephanie Grove,1970-12-14,418.286.7372x7204
34,Victoria,Miller,W,bowersjessica@example.net,107 Kelly Turnpike Suite 416,1957-01-14,+1-688-340-3173x3344
35,Nicholas,Chapman,T,fwhitehead@example.net,0405 Navarro Shore,1996-11-26,391-268-0348x3842
36,Sherri,Watson,R,rachelgarcia@example.org,4258 Sharon Manor Suite 487,1989-08-28,+1-434-921-0758
37,Meredith,Garcia,C,daniel84@example.org,8281 Grimes Stream,1981-05-23,444.220.3672
38,Michael,Morris,K,sandra14@example.org,972 Durham Court,1961-12-23,550.374.8549
39,Joshua,Yoder,C,loriscott@example.org,89480 Jo Pike,2001-11-29,(960)820-5639x74523
40,April,Rodriguez,I,bobby65@example.net,73747 Tanya Falls,1998-05-15,861-367-5521
41,Michael,Woodard,L,sandracox@example.com,7234 Tran Rapids,1964-03-29,387-364-1666x29639
42,Juan,Foley,R,qhill@example.net,91662 Anderson Stream Suite 944,1996-12-07,001-931-352-1685x467
43,Ann,Watkins,A,wbaker@example.org,328 Bowman Island Suite 036,1999-05-27,001-594-858-4034x2617
44,Jennifer,Houston,T,olopez@example.net,94059 Villarreal Stravenue Suite 822,1961-04-11,+1-447-809-5204
45,Kevin,Figueroa,R,rebecca26@example.org,62388 Joan Mission Suite 059,1957-07-13,352-649-7399x2108
46,Raymond,Hammond,J,njones@example.net,70421 Griffith Manor,1992-08-06,602.908.5342x005
47,Alicia,Hays,J,jenniferkidd@example.org,324 Stanley Gateway,1961-03-24,001-944-621-7742x733
48,Alice,Robinson,A,xcordova@example.org,94615 Jennifer Walks,1955-01-15,+1-213-419-6500x00945
49,Loretta,Nelson,M,nicholashernandez@example.com,541 Christopher Centers Suite 889,1997-12-09,(650)472-3603
50,Michael,Simon,C,bgonzales@example.net,83164 Schmidt Centers,1981-09-21,(962)435-8706
51,William,Carroll,D,john85@example.net,910 Shaw Spurs,1995-01-02,627.625.2651x201
52,Crystal,Ruiz,A,bradley36@example.net,7681 Michelle Road Suite 247,1969-08-19,+1-504-601-9381x638
53,Amber,Ramirez,T,xkramer@example.net,0296 Daniel Bypass Apt. 617,1963-03-08,236.271.5224x07865
54,David,Jones,J,paynehannah@example.org,717 Bender Ports Suite 629,1974-09-23,864.408.3046
55,Kyle,Wallace,D,victor96@example.com,1947 Parker Fields,1956-04-29,379.282.7411
56,Cynthia,Brown,A,jamiedonaldson@example.net,56476 Davis Crossroad Suite 957,2006-12-18,224.743.3409
57,Ann,Wilcox,D,susansanchez@example.com,72052 Jill Canyon,1973-03-30,380-295-4946x6001
58,Hunter,Moore,J,npage@example.net,14373 Katelyn Hill,1967-11-08,001-979-909-5758x0083
59,Brian,Rojas,J,morrisheather@example.org,746 John Cape Apt. 570,1965-08-11,+1-269-668-3690x956
60,Jay,Odonnell,L,harriskimberly@example.org,930 Sherri Ford,1956-12-08,(424)322-5674x4235
61,Joshua,Taylor,D,molinaaaron@example.org,62906 Willis Center,1972-11-28,9689096207
62,James,Mckinney,C,lauragray@example.com,645 Meadows Ports,1962-02-02,301.796.0901x6988
63,Keith,Warner,V,edwardbest@example.org,212 Smith Squares Suite 847,1998-04-15,+1-356-297-1045x819
64,Kathy,Olsen,J,robertopowell@example.net,58551 Linda Fort Suite 831,1970-07-05,001-932-478-1615x945
65,Amanda,White,B,brianburns@example.net,5342 Christopher Divide Suite 307,2001-05-05,317-997-8040x3191
66,Harold,Gibson,C,arodriguez@example.org,2244 Gray Radial,1994-01-25,402-279-5300x272
67,Jeffrey,Sanders,M,iholden@example.net,72098 Lisa Lodge Suite 764,1992-01-26,001-675-341-3970
68,Shawn,Rivera,D,howardwendy@example.org,0320 Dickson Islands,2001-05-07,813-990-6150
69,Selena,Roberts,R,jwright@example.net,228 Jennifer Estate Apt. 306,1982-03-05,266-380-1588x0122
70,Dawn,Hayes,T,pmartin@example.com,43166 Yoder Crest Apt. 481,1984-02-12,(431)714-2838
71,Laura,Joseph,T,angelawhite@example.com,578 Teresa Drive Suite 512,1956-01-17,5934456176
72,Anne,Baker,K,sburns@example.net,688 Bradley Plaza,1985-04-28,445.380.2893x15457
73,Benjamin,Barrett,B,marquezkathleen@example.com,6070 Steve Island,1981-04-08,(602)339-5965x03411
74,Sarah,Berg,S,xmurphy@example.net,7652 Susan Knolls,2000-08-01,587-608-8593x6136
75,Alexa,Thompson,B,kenneth61@example.org,6221 Jones Wall,1959-03-31,655.331.5933
76,Nathaniel,Sanders,C,hmeyer@example.net,592 Johnson Flat Suite 870,1996-12-04,559-414-2683x792
77,Sarah,Lopez,D,harrisnancy@example.net,62049 Lopez Spring,1990-10-12,+1-500-765-3128x6952
78,Christopher,Gardner,K,nicole72@example.com,6375 Angela Alley Apt. 366,1998-07-12,(955)925-0361x2456
79,Kenneth,Weaver,N,ibennett@example.net,38121 Barber Rue,1999-03-16,+1-920-754-9010x5878
80,Micheal,Cooper,A,cannonkristin@example.com,409 Michael Spring,1995-05-27,3005701203
81,Kevin,Mcdonald,K,liuanthony@example.net,91032 Leblanc Inlet,1993-09-18,993.508.2593x5920
82,Bruce,Thompson,P,kathleendaniel@example.org,89322 Megan Harbors,2002-08-13,999.396.6633
83,Michael,Mullen,J,charlesjoyce@example.net,32646 Elizabeth Rapids,1979-11-03,962-783-4761x554
84,Justin,Johnson,D,bsmith@example.com,92542 Cameron Station Apt. 293,1961-12-03,850-635-7404x834
85,George,Gay,B,mccarthymargaret@example.net,1339 Ronald Haven Apt. 413,1958-11-18,969.216.7630x402
86,Laura,Williams,T,stephanie36@example.com,329 Lara Shores Apt. 791,1993-12-27,214.457.5167x27120
87,Robert,Novak,S,davidcooley@example.com,89681 Mendoza Terrace Suite 807,1992-11-13,001-535-446-4904x1429
88,Jennifer,Johnson,E,stewartstephanie@example.net,5137 Patrick Street,1989-11-16,(374)776-3841
89,Angela,Blanchard,B,joshua94@example.net,86389 Mike Pines Suite 592,1992-08-19,(984)761-1695x3648
90,Matthew,Hatfield,D,eatonaaron@example.org,75868 Taylor Path,2003-06-20,001-900-940-4397
91,Shelby,Hall,A,urodriguez@example.org,7843 Ferguson Manor Suite 541,2004-10-15,284.207.0191
92,Benjamin,Payne,J,alexandra32@example.org,604 Smith Way Apt. 989,1981-01-19,(831)422-3525x608
93,Michelle,Ball,C,cheryl40@example.com,833 Brittany Place,1960-12-30,423.740.7804x841
94,Troy,Gill,A,kelleyamanda@example.net,600 Rodriguez Square,1955-09-08,588-234-0644x7773
95,Tony,Lowery,J,sheila24@example.org,2858 Cameron Tunnel,1980-12-07,496.995.0574x4090
96,Melissa,Martin,A,dawn04@example.com,80917 Stephenson Crossroad Apt. 990,1996-04-04,+1-701-957-3922x30183
97,Scott,Anderson,T,karina05@example.com,1659 Perry Knolls,1959-03-12,001-385-911-2984x3509
98,Peter,Smith,A,qconway@example.org,90346 Harris Via,1954-12-13,462-736-8401
99,Nancy,Miller,K,murrayfrank@example.com,710 Sara Plains,1976-10-18,958.446.1974
100,Alexander,Newman,A,myerskevin@example.org,300 Bruce Burgs,1974-01-11,736-551-6881
